Namespace,Key,Full Key Path,English Text,Polski,Română,Español,Português,Deutsch,Français,العربية,Български,Context/Notes
auth,appName,auth:appName,Wager,,,,,,,,,
auth,tagline,auth:tagline,"Track your pay, predict your earnings",,,,,,,,,
auth,footer,auth:footer,Built for Amazon DSP couriers,,,,,,,,,
auth,login.title,auth:login.title,Welcome Back,,,,,,,,,
auth,login.subtitle,auth:login.subtitle,Sign in to your account,,,,,,,,,
auth,login.button,auth:login.button,Login,,,,,,,,,
auth,login.tabLabel,auth:login.tabLabel,Login,,,,,,,,,
auth,login.noAccount,auth:login.noAccount,Don't have an account?,,,,,,,,,
auth,login.signUpLink,auth:login.signUpLink,Sign up,,,,,,,,,
auth,login.rememberMe,auth:login.rememberMe,Remember me for 30 days,,,,,,,,,
auth,login.forgotPassword,auth:login.forgotPassword,Forgot your password?,,,,,,,,,
auth,signup.title,auth:signup.title,Create Account,,,,,,,,,
auth,signup.subtitle,auth:signup.subtitle,Start tracking your pay today,,,,,,,,,
auth,signup.button,auth:signup.button,Sign Up,,,,,,,,,
auth,signup.createAccountButton,auth:signup.createAccountButton,Create Account,,,,,,,,,
auth,signup.tabLabel,auth:signup.tabLabel,Sign Up,,,,,,,,,
auth,signup.haveAccount,auth:signup.haveAccount,Already have an account?,,,,,,,,,
auth,signup.loginLink,auth:signup.loginLink,Login,,,,,,,,,
auth,signup.displayName,auth:signup.displayName,Display Name,,,,,,,,,
auth,signup.firstName,auth:signup.firstName,First Name,,,,,,,,,
auth,signup.lastName,auth:signup.lastName,Last Name,,,,,,,,,
auth,signup.passwordHint,auth:signup.passwordHint,At least 6 characters,,,,,,,,,
auth,forgotPassword.title,auth:forgotPassword.title,Reset Password,,,,,,,,,
auth,forgotPassword.subtitle,auth:forgotPassword.subtitle,Enter your email to receive a password reset link,,,,,,,,,
auth,forgotPassword.button,auth:forgotPassword.button,Send Reset Link,,,,,,,,,
auth,forgotPassword.sending,auth:forgotPassword.sending,Sending...,,,,,,,,,
auth,forgotPassword.backToLogin,auth:forgotPassword.backToLogin,Back to login,,,,,,,,,
auth,forgotPassword.successMessage,auth:forgotPassword.successMessage,"If an account exists with this email, a password reset link has been sent. Please check your inbox and spam folder.",,,,,,,,,
auth,forgotPassword.backToLoginButton,auth:forgotPassword.backToLoginButton,Back to Login,,,,,,,,,
auth,resetPassword.title,auth:resetPassword.title,Reset Your Password,,,,,,,,,
auth,resetPassword.newPassword,auth:resetPassword.newPassword,New Password,,,,,,,,,
auth,resetPassword.confirmPassword,auth:resetPassword.confirmPassword,Confirm Password,,,,,,,,,
auth,resetPassword.button,auth:resetPassword.button,Reset Password,,,,,,,,,
auth,placeholders.email,auth:placeholders.email,you@example.com,,,,,,,,,
auth,placeholders.password,auth:placeholders.password,••••••••,,,,,,,,,
auth,placeholders.displayName,auth:placeholders.displayName,Speedy McDelivery,,,,,,,,,
auth,placeholders.firstName,auth:placeholders.firstName,John,,,,,,,,,
auth,placeholders.lastName,auth:placeholders.lastName,Doe,,,,,,,,,
auth,submitting,auth:submitting,Please wait...,,,,,,,,,
calendar,pageTitle,calendar:pageTitle,Calendar - Week {{week}},,,,,,,,,
calendar,dayCell.off,calendar:dayCell.off,OFF,,,,,,,,,
calendar,dayCell.add,calendar:dayCell.add,Add,,,,,,,,,
calendar,dayCell.edit,calendar:dayCell.edit,Edit,,,,,,,,,
calendar,dayCell.maxDays,calendar:dayCell.maxDays,Max 6 days,,,,,,,,,
calendar,dayCell.route,calendar:dayCell.route,Route,,,,,,,,,
calendar,dayCell.routeTypes.std,calendar:dayCell.routeTypes.std,Std.,,,,,,,,,
calendar,dayCell.routeTypes.drs,calendar:dayCell.routeTypes.drs,DRS,,,,,,,,,
calendar,dayCell.routeTypes.manual,calendar:dayCell.routeTypes.manual,Manual,,,,,,,,,
calendar,dayCell.mileageEstimated,calendar:dayCell.mileageEstimated,* Estimated (odometer data),,,,,,,,,
calendar,dayEditModal.title,calendar:dayEditModal.title,Add Work,,,,,,,,,
calendar,dayEditModal.editTitle,calendar:dayEditModal.editTitle,Edit Work,,,,,,,,,
calendar,dayEditModal.date,calendar:dayEditModal.date,Date,,,,,,,,,
calendar,dayEditModal.routeType,calendar:dayEditModal.routeType,Route Type,,,,,,,,,
calendar,dayEditModal.routeTypes.normal,calendar:dayEditModal.routeTypes.normal,Normal Route,,,,,,,,,
calendar,dayEditModal.routeTypes.drs,calendar:dayEditModal.routeTypes.drs,DRS Route,,,,,,,,,
calendar,dayEditModal.routeTypes.manual,calendar:dayEditModal.routeTypes.manual,Manual Entry,,,,,,,,,
calendar,dayEditModal.routeNumber,calendar:dayEditModal.routeNumber,Route Number,,,,,,,,,
calendar,dayEditModal.dailyRate,calendar:dayEditModal.dailyRate,Daily Rate (£),,,,,,,,,
calendar,dayEditModal.dailyRateHelp,calendar:dayEditModal.dailyRateHelp,This will be your pay for this day,,,,,,,,,
calendar,dayEditModal.sweepsGiven,calendar:dayEditModal.sweepsGiven,Stops Given,,,,,,,,,
calendar,dayEditModal.sweepsTaken,calendar:dayEditModal.sweepsTaken,Stops Taken,,,,,,,,,
calendar,dayEditModal.sweepsHelp,calendar:dayEditModal.sweepsHelp,"+£1 per stop you help others, -£1 per stop others help you",,,,,,,,,
calendar,dayEditModal.amazonPaidMiles,calendar:dayEditModal.amazonPaidMiles,Amazon Paid Miles,,,,,,,,,
calendar,dayEditModal.vanLoggedMiles,calendar:dayEditModal.vanLoggedMiles,Van Logged Miles (Odometer),,,,,,,,,
calendar,dayEditModal.mileageHelp,calendar:dayEditModal.mileageHelp,Track actual van odometer reading for discrepancy checking,,,,,,,,,
calendar,dayEditModal.notes,calendar:dayEditModal.notes,Notes,,,,,,,,,
calendar,dayEditModal.save,calendar:dayEditModal.save,Save,,,,,,,,,
calendar,dayEditModal.saving,calendar:dayEditModal.saving,Saving...,,,,,,,,,
calendar,dayEditModal.delete,calendar:dayEditModal.delete,Delete Work Day,,,,,,,,,
calendar,dayEditModal.deleteConfirmTitle,calendar:dayEditModal.deleteConfirmTitle,Delete Work Day?,,,,,,,,,
calendar,dayEditModal.deleteConfirmMessage,calendar:dayEditModal.deleteConfirmMessage,Are you sure you want to delete this work day? This will remove it from your week's pay calculation.,,,,,,,,,
calendar,dayEditModal.maxDaysError,calendar:dayEditModal.maxDaysError,Cannot work more than 6 days per week (legal limit),,,,,,,,,
calendar,dayEditModal.estimatedRate,calendar:dayEditModal.estimatedRate,Estimated: £{{rate}},,,,,,,,,
calendar,dayEditModal.warnings.maxDaysReached,calendar:dayEditModal.warnings.maxDaysReached,Max 6 work days - cannot add more,,,,,,,,,
calendar,paymentThisWeek.title,calendar:paymentThisWeek.title,Payment This Week,,,,,,,,,
calendar,paymentThisWeek.totalPayment,calendar:paymentThisWeek.totalPayment,Total Payment,,,,,,,,,
calendar,paymentThisWeek.noPayment,calendar:paymentThisWeek.noPayment,No payment expected this week,,,,,,,,,
calendar,paymentThisWeek.basePay,calendar:paymentThisWeek.basePay,Base Pay,,,,,,,,,
calendar,paymentThisWeek.devicePayment,calendar:paymentThisWeek.devicePayment,Device Payment,,,,,,,,,
calendar,paymentThisWeek.sixDayBonus,calendar:paymentThisWeek.sixDayBonus,6-Day Bonus,,,,,,,,,
calendar,paymentThisWeek.sweeps,calendar:paymentThisWeek.sweeps,Sweeps,,,,,,,,,
calendar,paymentThisWeek.mileage,calendar:paymentThisWeek.mileage,Mileage,,,,,,,,,
calendar,paymentThisWeek.vanHire,calendar:paymentThisWeek.vanHire,Van Hire,,,,,,,,,
calendar,paymentThisWeek.depositPayment,calendar:paymentThisWeek.depositPayment,Deposit Payment,,,,,,,,,
calendar,paymentThisWeek.invoicing,calendar:paymentThisWeek.invoicing,Invoicing,,,,,,,,,
calendar,paymentThisWeek.standardPay,calendar:paymentThisWeek.standardPay,Standard Pay (Week {{week}}),,,,,,,,,
calendar,paymentThisWeek.performanceBonus,calendar:paymentThisWeek.performanceBonus,Performance Bonus (Week {{week}}),,,,,,,,,
calendar,paymentThisWeek.expectedInBank,calendar:paymentThisWeek.expectedInBank,Expected in your bank account this week,,,,,,,,,
calendar,paymentThisWeek.mileageEstimated,calendar:paymentThisWeek.mileageEstimated,Payment includes estimated mileage ({{count}} {{days}}). Actual may vary.,,,,,,,,,
calendar,paymentThisWeek.mileageEstimatedDay,calendar:paymentThisWeek.mileageEstimatedDay,day,,,,,,,,,
calendar,paymentThisWeek.mileageEstimatedDays,calendar:paymentThisWeek.mileageEstimatedDays,days,,,,,,,,,
calendar,paymentThisWeek.missingMileageData,calendar:paymentThisWeek.missingMileageData,Missing mileage data ({{count}} {{days}}). Total may be inaccurate.,,,,,,,,,
calendar,paymentThisWeek.missingMileageDay,calendar:paymentThisWeek.missingMileageDay,day,,,,,,,,,
calendar,paymentThisWeek.missingMileageDays,calendar:paymentThisWeek.missingMileageDays,days,,,,,,,,,
calendar,paymentThisWeek.missingRankingsTitle,calendar:paymentThisWeek.missingRankingsTitle,Missing Performance Rankings,,,,,,,,,
calendar,paymentThisWeek.missingRankingsMessage,calendar:paymentThisWeek.missingRankingsMessage,Week {{week}} rankings haven't been entered yet. Click here to add them and estimate your bonus payment.,,,,,,,,,
calendar,paymentThisWeek.estimatedBadge,calendar:paymentThisWeek.estimatedBadge,Est,,,,,,,,,
common,actions.add,common:actions.add,Add,,,,,,,,,
common,actions.edit,common:actions.edit,Edit,,,,,,,,,
common,actions.save,common:actions.save,Save,,,,,,,,,
common,actions.cancel,common:actions.cancel,Cancel,,,,,,,,,
common,actions.delete,common:actions.delete,Delete,,,,,,,,,
common,actions.confirm,common:actions.confirm,Confirm,,,,,,,,,
common,actions.back,common:actions.back,Back,,,,,,,,,
common,actions.next,common:actions.next,Next,,,,,,,,,
common,actions.skip,common:actions.skip,Skip,,,,,,,,,
common,actions.close,common:actions.close,Close,,,,,,,,,
common,actions.continue,common:actions.continue,Continue,,,,,,,,,
common,actions.finish,common:actions.finish,Finish,,,,,,,,,
common,actions.reset,common:actions.reset,Reset,,,,,,,,,
common,actions.clear,common:actions.clear,Clear,,,,,,,,,
common,actions.submit,common:actions.submit,Submit,,,,,,,,,
common,actions.update,common:actions.update,Update,,,,,,,,,
common,labels.email,common:labels.email,Email,,,,,,,,,
common,labels.password,common:labels.password,Password,,,,,,,,,
common,labels.route,common:labels.route,Route,,,,,,,,,
common,labels.notes,common:labels.notes,Notes,,,,,,,,,
common,labels.optional,common:labels.optional,(optional),,,,,,,,,
common,labels.required,common:labels.required,Required,,,,,,,,,
common,labels.yes,common:labels.yes,Yes,,,,,,,,,
common,labels.no,common:labels.no,No,,,,,,,,,
common,time.day,common:time.day,day,,,,,,,,,
common,time.days,common:time.days,days,,,,,,,,,
common,time.week,common:time.week,Week,,,,,,,,,
common,time.weeks,common:time.weeks,weeks,,,,,,,,,
common,time.today,common:time.today,Today,,,,,,,,,
common,time.yesterday,common:time.yesterday,Yesterday,,,,,,,,,
common,time.tomorrow,common:time.tomorrow,Tomorrow,,,,,,,,,
common,currency.symbol,common:currency.symbol,£,,,,,,,,,
common,currency.format,common:currency.format,{{amount}},,,,,,,,,
common,currency.perDay,common:currency.perDay,/ day,,,,,,,,,
common,currency.perWeek,common:currency.perWeek,/ week,,,,,,,,,
common,currency.perMile,common:currency.perMile,/ mile,,,,,,,,,
common,loading,common:loading,Loading...,,,,,,,,,
common,pleaseWait,common:pleaseWait,Please wait...,,,,,,,,,
common,error,common:error,Error,,,,,,,,,
common,success,common:success,Success,,,,,,,,,
common,pwaUpdate.title,common:pwaUpdate.title,Update Available,,,,,,,,,
common,pwaUpdate.description,common:pwaUpdate.description,A new version of Wager is ready to install.,,,,,,,,,
common,pwaUpdate.updateNow,common:pwaUpdate.updateNow,Update Now,,,,,,,,,
common,pwaUpdate.later,common:pwaUpdate.later,Later,,,,,,,,,
dashboard,pageTitle,dashboard:pageTitle,Dashboard,,,,,,,,,
dashboard,paymentTile.title,dashboard:paymentTile.title,Payment This Week,,,,,,,,,
dashboard,paymentTile.loading,dashboard:paymentTile.loading,Loading...,,,,,,,,,
dashboard,paymentTile.expectedInAccount,dashboard:paymentTile.expectedInAccount,Expected in your account,,,,,,,,,
dashboard,paymentTile.weekInfo,dashboard:paymentTile.weekInfo,"Week {{week}}, {{year}}",,,,,,,,,
dashboard,paymentTile.tapForBreakdown,dashboard:paymentTile.tapForBreakdown,Tap for breakdown,,,,,,,,,
dashboard,paymentTile.modalTitle,dashboard:paymentTile.modalTitle,Payment Breakdown,,,,,,,,,
dashboard,paymentTile.standardPay,dashboard:paymentTile.standardPay,Standard Pay (Week {{week}}),,,,,,,,,
dashboard,paymentTile.performanceBonus,dashboard:paymentTile.performanceBonus,Performance Bonus (Week {{week}}),,,,,,,,,
dashboard,paymentTile.totalPayment,dashboard:paymentTile.totalPayment,Total Payment,,,,,,,,,
dashboard,paymentTile.expectedInWeek,dashboard:paymentTile.expectedInWeek,"Expected in Week {{week}}, {{year}}",,,,,,,,,
dashboard,paymentTile.basePay,dashboard:paymentTile.basePay,Base Pay,,,,,,,,,
dashboard,paymentTile.sixDayBonus,dashboard:paymentTile.sixDayBonus,6-Day Bonus,,,,,,,,,
dashboard,paymentTile.sweeps,dashboard:paymentTile.sweeps,Sweeps,,,,,,,,,
dashboard,paymentTile.mileage,dashboard:paymentTile.mileage,Mileage,,,,,,,,,
dashboard,paymentTile.mileageEstimated,dashboard:paymentTile.mileageEstimated,Est,,,,,,,,,
dashboard,paymentTile.vanHire,dashboard:paymentTile.vanHire,Van Hire,,,,,,,,,
dashboard,paymentTile.depositPayment,dashboard:paymentTile.depositPayment,Deposit Payment,,,,,,,,,
dashboard,paymentTile.devicePayment,dashboard:paymentTile.devicePayment,Device Payment,,,,,,,,,
dashboard,paymentTile.invoicing,dashboard:paymentTile.invoicing,Invoicing,,,,,,,,,
dashboard,paymentTile.subtotal,dashboard:paymentTile.subtotal,Subtotal,,,,,,,,,
dashboard,paymentTile.bonus,dashboard:paymentTile.bonus,Bonus,,,,,,,,,
dashboard,paymentTile.mileageEstimatedWarning,dashboard:paymentTile.mileageEstimatedWarning,Includes estimated mileage,,,,,,,,,
dashboard,paymentTile.mileageMissingWarning,dashboard:paymentTile.mileageMissingWarning,Missing mileage data,,,,,,,,,
dashboard,quickAddWorkTile.title,dashboard:quickAddWorkTile.title,Quick Add Work,,,,,,,,,
dashboard,quickAddWorkTile.routeType,dashboard:quickAddWorkTile.routeType,Route Type,,,,,,,,,
dashboard,quickAddWorkTile.routeNumber,dashboard:quickAddWorkTile.routeNumber,Route Number,,,,,,,,,
dashboard,quickAddWorkTile.dailyRate,dashboard:quickAddWorkTile.dailyRate,Daily Rate (£) *,,,,,,,,,
dashboard,quickAddWorkTile.routeTypeNormal,dashboard:quickAddWorkTile.routeTypeNormal,Normal (£{{rate}}),,,,,,,,,
dashboard,quickAddWorkTile.routeTypeDRS,dashboard:quickAddWorkTile.routeTypeDRS,DRS (£{{rate}}),,,,,,,,,
dashboard,quickAddWorkTile.routeTypeManual,dashboard:quickAddWorkTile.routeTypeManual,Manual (Custom),,,,,,,,,
dashboard,quickAddWorkTile.dailyRatePlaceholder,dashboard:quickAddWorkTile.dailyRatePlaceholder,e.g. 180.00,,,,,,,,,
dashboard,quickAddWorkTile.routeNumberPlaceholder,dashboard:quickAddWorkTile.routeNumberPlaceholder,"e.g., DA01",,,,,,,,,
dashboard,quickAddWorkTile.addWorkButton,dashboard:quickAddWorkTile.addWorkButton,Add Work for Today,,,,,,,,,
dashboard,quickAddWorkTile.confirmEditsButton,dashboard:quickAddWorkTile.confirmEditsButton,Confirm Edits,,,,,,,,,
dashboard,quickAddWorkTile.adding,dashboard:quickAddWorkTile.adding,Adding...,,,,,,,,,
dashboard,quickAddWorkTile.updating,dashboard:quickAddWorkTile.updating,Updating...,,,,,,,,,
dashboard,quickAddWorkTile.workLoggedToday,dashboard:quickAddWorkTile.workLoggedToday,Work logged for today,,,,,,,,,
dashboard,quickAddWorkTile.rowReminder,dashboard:quickAddWorkTile.rowReminder,Remember to fill in your receipt of work using the green button above,,,,,,,,,
dashboard,quickAddWorkTile.editWorkAriaLabel,dashboard:quickAddWorkTile.editWorkAriaLabel,Edit today's work,,,,,,,,,
dashboard,quickAddWorkTile.submitRowAriaLabel,dashboard:quickAddWorkTile.submitRowAriaLabel,Submit Receipt of Work,,,,,,,,,
dashboard,quickAddWorkTile.rowButtonLabel,dashboard:quickAddWorkTile.rowButtonLabel,RoW,,,,,,,,,
dashboard,quickAddSweepsTile.title,dashboard:quickAddSweepsTile.title,Quick Add Sweeps,,,,,,,,,
dashboard,quickAddSweepsTile.stopsYouSwept,dashboard:quickAddSweepsTile.stopsYouSwept,Stops You Swept (You helped),,,,,,,,,
dashboard,quickAddSweepsTile.stopsOthersSwept,dashboard:quickAddSweepsTile.stopsOthersSwept,Stops Others Swept For You,,,,,,,,,
dashboard,quickAddSweepsTile.stopsYouSweptShort,dashboard:quickAddSweepsTile.stopsYouSweptShort,Stops You Swept,,,,,,,,,
dashboard,quickAddSweepsTile.stopsOthersSweptShort,dashboard:quickAddSweepsTile.stopsOthersSweptShort,Stops Others Swept For You,,,,,,,,,
dashboard,quickAddSweepsTile.youHelpedDrivers,dashboard:quickAddSweepsTile.youHelpedDrivers,You helped behind drivers,,,,,,,,,
dashboard,quickAddSweepsTile.othersHelpedYou,dashboard:quickAddSweepsTile.othersHelpedYou,Others helped you,,,,,,,,,
dashboard,quickAddSweepsTile.sweepsLoggedToday,dashboard:quickAddSweepsTile.sweepsLoggedToday,Sweeps logged for today,,,,,,,,,
dashboard,quickAddSweepsTile.addWorkFirst,dashboard:quickAddSweepsTile.addWorkFirst,Add work for today first to enable sweeps,,,,,,,,,
dashboard,quickAddSweepsTile.updateButton,dashboard:quickAddSweepsTile.updateButton,Update Sweeps,,,,,,,,,
dashboard,quickAddSweepsTile.updating,dashboard:quickAddSweepsTile.updating,Updating...,,,,,,,,,
dashboard,quickAddSweepsTile.editSweepsAriaLabel,dashboard:quickAddSweepsTile.editSweepsAriaLabel,Edit today's sweeps,,,,,,,,,
dashboard,quickAddSweepsTile.totalExceedsMax,dashboard:quickAddSweepsTile.totalExceedsMax,Total sweeps cannot exceed 200,,,,,,,,,
dashboard,quickAddOdometerTile.title,dashboard:quickAddOdometerTile.title,Quick Add Odometer,,,,,,,,,
dashboard,quickAddOdometerTile.vanLoggedMiles,dashboard:quickAddOdometerTile.vanLoggedMiles,Van Logged Miles,,,,,,,,,
dashboard,quickAddOdometerTile.odometerLoggedToday,dashboard:quickAddOdometerTile.odometerLoggedToday,Odometer logged for today,,,,,,,,,
dashboard,quickAddOdometerTile.addWorkFirst,dashboard:quickAddOdometerTile.addWorkFirst,Add work for today first to log miles,,,,,,,,,
dashboard,quickAddOdometerTile.enterTotalMiles,dashboard:quickAddOdometerTile.enterTotalMiles,Enter total miles,,,,,,,,,
dashboard,quickAddOdometerTile.updateButton,dashboard:quickAddOdometerTile.updateButton,Update Odometer,,,,,,,,,
dashboard,quickAddOdometerTile.updating,dashboard:quickAddOdometerTile.updating,Updating...,,,,,,,,,
dashboard,quickAddOdometerTile.editOdometerAriaLabel,dashboard:quickAddOdometerTile.editOdometerAriaLabel,Edit today's van miles,,,,,,,,,
dashboard,rankingsReminderTile.title,dashboard:rankingsReminderTile.title,Rankings Reminder,,,,,,,,,
dashboard,rankingsReminderTile.performanceRankingsTitle,dashboard:rankingsReminderTile.performanceRankingsTitle,Performance Rankings,,,,,,,,,
dashboard,rankingsReminderTile.weekRankingsEntered,dashboard:rankingsReminderTile.weekRankingsEntered,Week {{week}} rankings entered,,,,,,,,,
dashboard,rankingsReminderTile.individual,dashboard:rankingsReminderTile.individual,Individual,,,,,,,,,
dashboard,rankingsReminderTile.company,dashboard:rankingsReminderTile.company,Company,,,,,,,,,
dashboard,rankingsReminderTile.weekNumber,dashboard:rankingsReminderTile.weekNumber,Week {{week}},,,,,,,,,
dashboard,rankingsReminderTile.noBonusNoDaysWorked,dashboard:rankingsReminderTile.noBonusNoDaysWorked,No bonus eligible - no days worked,,,,,,,,,
dashboard,rankingsReminderTile.rankingsMissing,dashboard:rankingsReminderTile.rankingsMissing,Week {{week}} rankings are missing!,,,,,,,,,
dashboard,rankingsReminderTile.enterRankingsButton,dashboard:rankingsReminderTile.enterRankingsButton,Enter Rankings Now,,,,,,,,,
dashboard,rankingsReminderTile.modalTitle,dashboard:rankingsReminderTile.modalTitle,Enter Rankings - Week {{week}},,,,,,,,,
dashboard,rankingsReminderTile.individualLevel,dashboard:rankingsReminderTile.individualLevel,Individual Level,,,,,,,,,
dashboard,rankingsReminderTile.companyLevel,dashboard:rankingsReminderTile.companyLevel,Company Level,,,,,,,,,
dashboard,rankingsReminderTile.projectedBonus,dashboard:rankingsReminderTile.projectedBonus,Projected Bonus: £{{amount}},,,,,,,,,
dashboard,rankingsReminderTile.bonusCalculation,dashboard:rankingsReminderTile.bonusCalculation,{{days}} days × £{{rate}}/day,,,,,,,,,
dashboard,rankingsReminderTile.saveButton,dashboard:rankingsReminderTile.saveButton,Save Rankings,,,,,,,,,
dashboard,rankingsReminderTile.saving,dashboard:rankingsReminderTile.saving,Saving...,,,,,,,,,
dashboard,rankingsReminderTile.closeAriaLabel,dashboard:rankingsReminderTile.closeAriaLabel,Close rankings entry,,,,,,,,,
dashboard,vanStatusTile.title,dashboard:vanStatusTile.title,Van Status,,,,,,,,,
dashboard,vanStatusTile.noVanOnHire,dashboard:vanStatusTile.noVanOnHire,No Van On Hire,,,,,,,,,
dashboard,vanStatusTile.visitVanManagement,dashboard:vanStatusTile.visitVanManagement,Visit Van Management to add a van hire,,,,,,,,,
dashboard,vanStatusTile.lastVan,dashboard:vanStatusTile.lastVan,Last Van,,,,,,,,,
dashboard,vanStatusTile.currentVan,dashboard:vanStatusTile.currentVan,Current Van,,,,,,,,,
dashboard,vanStatusTile.offHired,dashboard:vanStatusTile.offHired,Off-Hired,,,,,,,,,
dashboard,vanStatusTile.offHiredDate,dashboard:vanStatusTile.offHiredDate,Off-hired: {{date}},,,,,,,,,
dashboard,vanStatusTile.weeklyRate,dashboard:vanStatusTile.weeklyRate,£{{rate}}/week,,,,,,,,,
dashboard,vanStatusTile.depositProgress,dashboard:vanStatusTile.depositProgress,Deposit Progress,,,,,,,,,
dashboard,vanStatusTile.depositAmount,dashboard:vanStatusTile.depositAmount,£{{paid}} / £500,,,,,,,,,
dashboard,vanStatusTile.offHireButton,dashboard:vanStatusTile.offHireButton,Off-Hire Van,,,,,,,,,
dashboard,vanStatusTile.modalTitle,dashboard:vanStatusTile.modalTitle,Off-Hire Van,,,,,,,,,
dashboard,vanStatusTile.modalDescription,dashboard:vanStatusTile.modalDescription,Enter the date when the van was returned. The deposit will be held for 6 weeks.,,,,,,,,,
dashboard,vanStatusTile.importantTitle,dashboard:vanStatusTile.importantTitle,Important: Same-Day Van Swaps,,,,,,,,,
dashboard,vanStatusTile.importantDescription,dashboard:vanStatusTile.importantDescription,"The off-hire date is the last day you had the van. If you're picking up a new van the same morning you're returning this one, off-hire this van on the previous day to avoid counting the same day twice.",,,,,,,,,
dashboard,vanStatusTile.offHireDateLabel,dashboard:vanStatusTile.offHireDateLabel,Off-Hire Date *,,,,,,,,,
dashboard,vanStatusTile.confirmButton,dashboard:vanStatusTile.confirmButton,Confirm Off-Hire,,,,,,,,,
dashboard,vanStatusTile.closeAriaLabel,dashboard:vanStatusTile.closeAriaLabel,Close van details,,,,,,,,,
domain,routeTypes.Normal,domain:routeTypes.Normal,Normal,,,,,,,,,
domain,routeTypes.DRS,domain:routeTypes.DRS,DRS,,,,,,,,,
domain,routeTypes.Manual,domain:routeTypes.Manual,Manual,,,,,,,,,
domain,performanceLevels.Poor,domain:performanceLevels.Poor,Poor,,,,,,,,,
domain,performanceLevels.Fair,domain:performanceLevels.Fair,Fair,,,,,,,,,
domain,performanceLevels.Great,domain:performanceLevels.Great,Great,,,,,,,,,
domain,performanceLevels.Fantastic,domain:performanceLevels.Fantastic,Fantastic,,,,,,,,,
domain,performanceLevels.FantasticPlus,domain:performanceLevels.FantasticPlus,Fantastic+,,,,,,,,,
domain,vanTypes.Fleet,domain:vanTypes.Fleet,Fleet,,,,,,,,,
domain,vanTypes.Flexi,domain:vanTypes.Flexi,Flexi,,,,,,,,,
domain,invoicingServices.SelfInvoicing,domain:invoicingServices.SelfInvoicing,Self-Invoicing,,,,,,,,,
domain,invoicingServices.VersoBasic,domain:invoicingServices.VersoBasic,Verso-Basic,,,,,,,,,
domain,invoicingServices.VersoFull,domain:invoicingServices.VersoFull,Verso-Full,,,,,,,,,
onboarding,welcome.title,onboarding:welcome.title,Welcome to Wager!,,,,,,,,,
onboarding,welcome.subtitle,onboarding:welcome.subtitle,Let's get your pay tracking set up in under 2 minutes.,,,,,,,,,
onboarding,welcome.description,onboarding:welcome.description,We need a few quick details to calculate your earnings accurately:,,,,,,,,,
onboarding,welcome.letsGo,onboarding:welcome.letsGo,Let's Go,,,,,,,,,
onboarding,welcome.setupLater,onboarding:welcome.setupLater,I'll Set Up Later,,,,,,,,,
onboarding,welcome.features.trackPay.title,onboarding:welcome.features.trackPay.title,Track Pay,,,,,,,,,
onboarding,welcome.features.trackPay.description,onboarding:welcome.features.trackPay.description,"Calculate standard pay, 6-day bonuses, and performance bonuses automatically",,,,,,,,,
onboarding,welcome.features.weeklyCalendar.title,onboarding:welcome.features.weeklyCalendar.title,Weekly Calendar,,,,,,,,,
onboarding,welcome.features.weeklyCalendar.description,onboarding:welcome.features.weeklyCalendar.description,"Log work days, sweeps, and mileage with an intuitive calendar view",,,,,,,,,
onboarding,welcome.features.vanTracking.title,onboarding:welcome.features.vanTracking.title,Van Tracking,,,,,,,,,
onboarding,welcome.features.vanTracking.description,onboarding:welcome.features.vanTracking.description,"Track van hire costs, deposits, and mileage discrepancies",,,,,,,,,
onboarding,welcome.features.customizable.title,onboarding:welcome.features.customizable.title,Customizable,,,,,,,,,
onboarding,welcome.features.customizable.description,onboarding:welcome.features.customizable.description,"Adjust rates, mileage, and settings to match your DSP's pay structure",,,,,,,,,
onboarding,payRates.title,onboarding:payRates.title,Your Daily Pay Rates,,,,,,,,,
onboarding,payRates.subtitle,onboarding:payRates.subtitle,These rates are used to calculate your weekly earnings,,,,,,,,,
onboarding,payRates.normalRouteRate,onboarding:payRates.normalRouteRate,Normal Route Rate,,,,,,,,,
onboarding,payRates.drsRouteRate,onboarding:payRates.drsRouteRate,DRS Route Rate,,,,,,,,,
onboarding,payRates.perDay,onboarding:payRates.perDay,/ day,,,,,,,,,
onboarding,payRates.disclaimer.title,onboarding:payRates.disclaimer.title,Not sure about your rates?,,,,,,,,,
onboarding,payRates.disclaimer.description,onboarding:payRates.disclaimer.description,Check with your manager to confirm your exact daily rates. You can always update these later in Settings.,,,,,,,,,
onboarding,payRates.step,onboarding:payRates.step,Step 1 of 4,,,,,,,,,
onboarding,invoicing.title,onboarding:invoicing.title,Invoicing Service,,,,,,,,,
onboarding,invoicing.subtitle,onboarding:invoicing.subtitle,Choose how you handle invoicing and accounting,,,,,,,,,
onboarding,invoicing.options.selfInvoicing.label,onboarding:invoicing.options.selfInvoicing.label,Self-Invoicing,,,,,,,,,
onboarding,invoicing.options.selfInvoicing.cost,onboarding:invoicing.options.selfInvoicing.cost,£0,,,,,,,,,
onboarding,invoicing.options.selfInvoicing.description,onboarding:invoicing.options.selfInvoicing.description,Handle your own invoicing and tax returns,,,,,,,,,
onboarding,invoicing.options.selfInvoicing.features.noDeduction,onboarding:invoicing.options.selfInvoicing.features.noDeduction,No weekly deduction,,,,,,,,,
onboarding,invoicing.options.selfInvoicing.features.fullControl,onboarding:invoicing.options.selfInvoicing.features.fullControl,Full control,,,,,,,,,
onboarding,invoicing.options.selfInvoicing.features.bestFor,onboarding:invoicing.options.selfInvoicing.features.bestFor,Best for self-employed,,,,,,,,,
onboarding,invoicing.options.versoBasic.label,onboarding:invoicing.options.versoBasic.label,Verso Basic,,,,,,,,,
onboarding,invoicing.options.versoBasic.cost,onboarding:invoicing.options.versoBasic.cost,£10,,,,,,,,,
onboarding,invoicing.options.versoBasic.description,onboarding:invoicing.options.versoBasic.description,Professional invoicing service,,,,,,,,,
onboarding,invoicing.options.versoBasic.features.invoicing,onboarding:invoicing.options.versoBasic.features.invoicing,Invoicing service,,,,,,,,,
onboarding,invoicing.options.versoBasic.features.insurance,onboarding:invoicing.options.versoBasic.features.insurance,Public liability insurance,,,,,,,,,
onboarding,invoicing.options.versoBasic.features.ltdCompany,onboarding:invoicing.options.versoBasic.features.ltdCompany,Requires Ltd company,,,,,,,,,
onboarding,invoicing.options.versoFull.label,onboarding:invoicing.options.versoFull.label,Verso Full,,,,,,,,,
onboarding,invoicing.options.versoFull.cost,onboarding:invoicing.options.versoFull.cost,£30,,,,,,,,,
onboarding,invoicing.options.versoFull.description,onboarding:invoicing.options.versoFull.description,Complete accounting service,,,,,,,,,
onboarding,invoicing.options.versoFull.features.fullInvoicing,onboarding:invoicing.options.versoFull.features.fullInvoicing,Full invoicing,,,,,,,,,
onboarding,invoicing.options.versoFull.features.accounting,onboarding:invoicing.options.versoFull.features.accounting,Accounting & tax returns,,,,,,,,,
onboarding,invoicing.options.versoFull.features.insurance,onboarding:invoicing.options.versoFull.features.insurance,Public liability insurance,,,,,,,,,
onboarding,invoicing.options.versoFull.features.ltdCompany,onboarding:invoicing.options.versoFull.features.ltdCompany,Requires Ltd company,,,,,,,,,
onboarding,invoicing.perWeek,onboarding:invoicing.perWeek,/week,,,,,,,,,
onboarding,invoicing.info,onboarding:invoicing.info,This affects your weekly deductions. You can change this anytime in Settings.,,,,,,,,,
onboarding,invoicing.step,onboarding:invoicing.step,Step 2 of 4,,,,,,,,,
onboarding,vanHire.title,onboarding:vanHire.title,Do you have a van on hire?,,,,,,,,,
onboarding,vanHire.subtitle,onboarding:vanHire.subtitle,"We can help you track van costs, deposits, and mileage",,,,,,,,,
onboarding,vanHire.yesAddVan,onboarding:vanHire.yesAddVan,"Yes, Add My Van",,,,,,,,,
onboarding,vanHire.yesDescription,onboarding:vanHire.yesDescription,Set up van hire details and start tracking costs,,,,,,,,,
onboarding,vanHire.noSkip,onboarding:vanHire.noSkip,"No, Skip This Step",,,,,,,,,
onboarding,vanHire.noDescription,onboarding:vanHire.noDescription,I don't have a van or I'll add it later,,,,,,,,,
onboarding,vanHire.info,onboarding:vanHire.info,You can add or manage van hires anytime from the Van Management page,,,,,,,,,
onboarding,vanHire.step,onboarding:vanHire.step,Step 3 of 4,,,,,,,,,
onboarding,vanHireForm.title,onboarding:vanHireForm.title,Add Your Van Hire,,,,,,,,,
onboarding,vanHireForm.subtitle,onboarding:vanHireForm.subtitle,Enter your van details to start tracking costs and deposits,,,,,,,,,
onboarding,vanHireForm.vanType,onboarding:vanHireForm.vanType,Van Type,,,,,,,,,
onboarding,vanHireForm.vanTypeFleet,onboarding:vanHireForm.vanTypeFleet,Fleet (£250/week),,,,,,,,,
onboarding,vanHireForm.vanTypeFlexi,onboarding:vanHireForm.vanTypeFlexi,Flexi (£100-250/week),,,,,,,,,
onboarding,vanHireForm.vanTypeFleetHelp,onboarding:vanHireForm.vanTypeFleetHelp,Fixed rate rental van at £250 per week,,,,,,,,,
onboarding,vanHireForm.vanTypeFlexiHelp,onboarding:vanHireForm.vanTypeFlexiHelp,Company van with variable weekly cost (£100-250),,,,,,,,,
onboarding,vanHireForm.registration,onboarding:vanHireForm.registration,Registration Number,,,,,,,,,
onboarding,vanHireForm.registrationPlaceholder,onboarding:vanHireForm.registrationPlaceholder,"e.g., AB12 CDE",,,,,,,,,
onboarding,vanHireForm.onHireDate,onboarding:vanHireForm.onHireDate,On-Hire Date,,,,,,,,,
onboarding,vanHireForm.onHireDateHelp,onboarding:vanHireForm.onHireDateHelp,When did you start hiring this van?,,,,,,,,,
onboarding,vanHireForm.weeklyRate,onboarding:vanHireForm.weeklyRate,Weekly Rate,,,,,,,,,
onboarding,vanHireForm.weeklyRateFleetHelp,onboarding:vanHireForm.weeklyRateFleetHelp,Fleet vans are £250/week (fixed),,,,,,,,,
onboarding,vanHireForm.weeklyRateFlexiHelp,onboarding:vanHireForm.weeklyRateFlexiHelp,Flexi vans range from £100-250/week,,,,,,,,,
onboarding,vanHireForm.depositInfo,onboarding:vanHireForm.depositInfo,"We'll automatically track your deposit payments (£25 for your first 2 pay cheques, then £50 per pay cheque until you reach £500 total).",,,,,,,,,
onboarding,vanHireForm.depositInfoTitle,onboarding:vanHireForm.depositInfoTitle,Deposit tracking:,,,,,,,,,
onboarding,vanHireForm.step,onboarding:vanHireForm.step,Step 3 of 4,,,,,,,,,
onboarding,vanHireForm.addVan,onboarding:vanHireForm.addVan,Add Van,,,,,,,,,
onboarding,success.title,onboarding:success.title,You're All Set! 🎉,,,,,,,,,
onboarding,success.subtitle,onboarding:success.subtitle,Your pay tracking is ready to go. Here's what you can do:,,,,,,,,,
onboarding,success.startTracking,onboarding:success.startTracking,Start Tracking,,,,,,,,,
onboarding,success.step,onboarding:success.step,Step 4 of 4,,,,,,,,,
onboarding,success.features.calendar.title,onboarding:success.features.calendar.title,Calendar,,,,,,,,,
onboarding,success.features.calendar.description,onboarding:success.features.calendar.description,"Track daily work, sweeps, and mileage with a visual weekly view",,,,,,,,,
onboarding,success.features.dashboard.title,onboarding:success.features.dashboard.title,Dashboard,,,,,,,,,
onboarding,success.features.dashboard.description,onboarding:success.features.dashboard.description,"Quick adds for work, sweeps, and odometer readings. See payment breakdowns.",,,,,,,,,
onboarding,success.features.vanManagement.title,onboarding:success.features.vanManagement.title,Van Management,,,,,,,,,
onboarding,success.features.vanManagement.description,onboarding:success.features.vanManagement.description,"Track van hire costs, deposits, and off-hire dates",,,,,,,,,
onboarding,success.features.settings.title,onboarding:success.features.settings.title,Settings,,,,,,,,,
onboarding,success.features.settings.description,onboarding:success.features.settings.description,"Customize rates, mileage, and invoicing service anytime",,,,,,,,,
onboarding,success.tour.title,onboarding:success.tour.title,Want to see how it works first?,,,,,,,,,
onboarding,success.tour.description,onboarding:success.tour.description,Take a quick guided tour of the dashboard to explore all features,,,,,,,,,
onboarding,success.tour.button,onboarding:success.tour.button,Take Interactive Tour,,,,,,,,,
onboarding,tour.steps.dashboardQuickAddWork.title,onboarding:tour.steps.dashboardQuickAddWork.title,Quick Add Work,,,,,,,,,
onboarding,tour.steps.dashboardQuickAddWork.description,onboarding:tour.steps.dashboardQuickAddWork.description,Add today's work quickly from the dashboard. Select your route type and the app auto-calculates your daily rate.,,,,,,,,,
onboarding,tour.steps.dashboardPayment.title,onboarding:tour.steps.dashboardPayment.title,Payment This Week,,,,,,,,,
onboarding,tour.steps.dashboardPayment.description,onboarding:tour.steps.dashboardPayment.description,See your expected bank deposit with full breakdown. This shows Week N-2 standard pay plus Week N-6 performance bonus.,,,,,,,,,
onboarding,tour.steps.dashboardVanStatus.title,onboarding:tour.steps.dashboardVanStatus.title,Van Status,,,,,,,,,
onboarding,tour.steps.dashboardVanStatus.description,onboarding:tour.steps.dashboardVanStatus.description,Track your van deposit progress and weekly costs. See how much you've paid and how much remains to reach £500.,,,,,,,,,
onboarding,tour.steps.calendarNavigation.title,onboarding:tour.steps.calendarNavigation.title,Week Navigation,,,,,,,,,
onboarding,tour.steps.calendarNavigation.description,onboarding:tour.steps.calendarNavigation.description,"Navigate between weeks to view past and future work. Use Previous, Today, and Next buttons or jump to a specific week.",,,,,,,,,
onboarding,tour.steps.calendarDayCell.title,onboarding:tour.steps.calendarDayCell.title,Day Cells,,,,,,,,,
onboarding,tour.steps.calendarDayCell.description,onboarding:tour.steps.calendarDayCell.description,"Click any day to view details or add work. Each cell shows route type, pay, sweeps, and mileage at a glance.",,,,,,,,,
onboarding,tour.steps.calendarWeekSummary.title,onboarding:tour.steps.calendarWeekSummary.title,Week Summary,,,,,,,,,
onboarding,tour.steps.calendarWeekSummary.description,onboarding:tour.steps.calendarWeekSummary.description,"Full pay breakdown including base pay, 6-day bonus, sweeps, mileage, and van costs. Enter performance rankings here too.",,,,,,,,,
onboarding,tour.steps.calendarPaymentThisWeek.title,onboarding:tour.steps.calendarPaymentThisWeek.title,Payment This Week,,,,,,,,,
onboarding,tour.steps.calendarPaymentThisWeek.description,onboarding:tour.steps.calendarPaymentThisWeek.description,See what's hitting your bank account this week. Standard pay from 2 weeks ago plus performance bonus from 6 weeks ago.,,,,,,,,,
onboarding,tour.steps.vanManagementTop.title,onboarding:tour.steps.vanManagementTop.title,Van Management - Add & Track,,,,,,,,,
onboarding,tour.steps.vanManagementTop.description,onboarding:tour.steps.vanManagementTop.description,Use this top section to add new van hires and track your deposit progress. The deposit tracker shows how much you've paid and what remains.,,,,,,,,,
onboarding,tour.steps.vanManagementBottom.title,onboarding:tour.steps.vanManagementBottom.title,Van Management - Van History,,,,,,,,,
onboarding,tour.steps.vanManagementBottom.description,onboarding:tour.steps.vanManagementBottom.description,"View all your van hires here. See active vans, off-hired vans, and manage your complete van history.",,,,,,,,,
onboarding,tour.steps.tourComplete.title,onboarding:tour.steps.tourComplete.title,Ready to Track Your Pay!,,,,,,,,,
onboarding,tour.steps.tourComplete.description,onboarding:tour.steps.tourComplete.description,"You've completed the tour! Click the Quick Add Work tile above to log your first day, or explore at your own pace.",,,,,,,,,
onboarding,tour.nextButton,onboarding:tour.nextButton,Next,,,,,,,,,
onboarding,tour.backButton,onboarding:tour.backButton,Back,,,,,,,,,
onboarding,tour.exitTour,onboarding:tour.exitTour,Exit Tour,,,,,,,,,
onboarding,tour.stepProgress,onboarding:tour.stepProgress,{{current}} of {{total}},,,,,,,,,
onboarding,modal.title,onboarding:modal.title,Onboarding Wizard,,,,,,,,,
onboarding,modal.description,onboarding:modal.description,Complete the setup process to get started with Wager,,,,,,,,,
onboarding,toast.vanAdded,onboarding:toast.vanAdded,Van hire added successfully!,,,,,,,,,
onboarding,toast.vanAddFailed,onboarding:toast.vanAddFailed,Failed to add van hire. You can add it later from Van Management.,,,,,,,,,
onboarding,toast.welcomeMessage,onboarding:toast.welcomeMessage,Welcome to Wager! Start tracking your pay.,,,,,,,,,
onboarding,toast.savingSettingsFailed,onboarding:toast.savingSettingsFailed,Failed to save settings. Please try again.,,,,,,,,,
settings,title,settings:title,Settings,,,,,,,,,
settings,tabs.finance,settings:tabs.finance,Finance Settings,,,,,,,,,
settings,tabs.user,settings:tabs.user,User Details,,,,,,,,,
settings,tabs.language,settings:tabs.language,Language,,,,,,,,,
settings,language.title,settings:language.title,Language Preference,,,,,,,,,
settings,language.selectLanguage,settings:language.selectLanguage,Select Language,,,,,,,,,
settings,language.description,settings:language.description,Choose your preferred language for the app interface,,,,,,,,,
settings,finance.title,settings:finance.title,Pay Rates,,,,,,,,,
settings,finance.description,settings:finance.description,Set your daily pay rates. These will be used to calculate your weekly earnings.,,,,,,,,,
settings,finance.warning,settings:finance.warning,These should only be changed on the week that pay rates change.,,,,,,,,,
settings,finance.normalRate,settings:finance.normalRate,Normal Route Rate,,,,,,,,,
settings,finance.drsRate,settings:finance.drsRate,DRS/Missort Route Rate,,,,,,,,,
settings,finance.normalRateDefault,settings:finance.normalRateDefault,Default: £160 per day,,,,,,,,,
settings,finance.drsRateDefault,settings:finance.drsRateDefault,Default: £100 per day,,,,,,,,,
settings,finance.sixDayBonusTitle,settings:finance.sixDayBonusTitle,6-Day Week Bonus:,,,,,,,,,
settings,finance.sixDayBonusDescription,settings:finance.sixDayBonusDescription,You automatically receive a flat £30 bonus when working exactly 6 days in a week (any route type combination).,,,,,,,,,
settings,finance.invoicingTitle,settings:finance.invoicingTitle,Invoicing & Accounting,,,,,,,,,
settings,finance.invoicingDescription,settings:finance.invoicingDescription,Choose how you handle invoicing and tax returns. Costs are deducted from your weekly standard pay.,,,,,,,,,
settings,finance.serviceProvider,settings:finance.serviceProvider,Service Provider,,,,,,,,,
settings,finance.serviceProviderPlaceholder,settings:finance.serviceProviderPlaceholder,Select invoicing service,,,,,,,,,
settings,finance.selfInvoicingCost,settings:finance.selfInvoicingCost,£0/week,,,,,,,,,
settings,finance.versoBasicCost,settings:finance.versoBasicCost,£10/week,,,,,,,,,
settings,finance.versoFullCost,settings:finance.versoFullCost,£30/week,,,,,,,,,
settings,finance.selfInvoicingDescription,settings:finance.selfInvoicingDescription,Handle your own invoicing and tax returns,,,,,,,,,
settings,finance.versoBasicDescription,settings:finance.versoBasicDescription,Professional invoicing + public liability insurance (requires Ltd company),,,,,,,,,
settings,finance.versoFullDescription,settings:finance.versoFullDescription,Full invoicing + accounting + tax returns + insurance (requires Ltd company),,,,,,,,,
settings,finance.loadingSettings,settings:finance.loadingSettings,Loading settings...,,,,,,,,,
settings,finance.savingButton,settings:finance.savingButton,Saving...,,,,,,,,,
settings,finance.saveButton,settings:finance.saveButton,Save Settings,,,,,,,,,
settings,user.title,settings:user.title,Profile Information,,,,,,,,,
settings,user.description,settings:user.description,"Update your personal information. Display name is required, while first and last names are optional.",,,,,,,,,
settings,user.displayName,settings:user.displayName,Display Name,,,,,,,,,
settings,user.displayNameRequired,settings:user.displayNameRequired,Display Name *,,,,,,,,,
settings,user.displayNamePlaceholder,settings:user.displayNamePlaceholder,Enter your display name,,,,,,,,,
settings,user.displayNameHelp,settings:user.displayNameHelp,This is how you'll be identified in the app,,,,,,,,,
settings,user.firstName,settings:user.firstName,First Name,,,,,,,,,
settings,user.firstNamePlaceholder,settings:user.firstNamePlaceholder,Enter your first name (optional),,,,,,,,,
settings,user.lastName,settings:user.lastName,Last Name,,,,,,,,,
settings,user.lastNamePlaceholder,settings:user.lastNamePlaceholder,Enter your last name (optional),,,,,,,,,
settings,user.loadingUser,settings:user.loadingUser,Loading user details...,,,,,,,,,
settings,user.savingButton,settings:user.savingButton,Saving...,,,,,,,,,
settings,user.saveButton,settings:user.saveButton,Save Changes,,,,,,,,,
settings,user.dangerZoneTitle,settings:user.dangerZoneTitle,Danger Zone,,,,,,,,,
settings,user.deleteAccountTitle,settings:user.deleteAccountTitle,Delete Account,,,,,,,,,
settings,user.deleteAccountDescription,settings:user.deleteAccountDescription,Permanently delete your account and all associated data. This action cannot be undone.,,,,,,,,,
settings,user.deleteAccountButton,settings:user.deleteAccountButton,Delete My Account,,,,,,,,,
settings,onboarding.title,settings:onboarding.title,Onboarding,,,,,,,,,
settings,onboarding.description,settings:onboarding.description,Restart the onboarding wizard to see the setup process again or take the interactive dashboard tour.,,,,,,,,,
settings,onboarding.restartButton,settings:onboarding.restartButton,Restart Onboarding,,,,,,,,,
settings,onboarding.tourButton,settings:onboarding.tourButton,Take Dashboard Tour,,,,,,,,,
settings,restartDialog.title,settings:restartDialog.title,Restart Onboarding,,,,,,,,,
settings,restartDialog.description,settings:restartDialog.description,Choose how you'd like to restart the onboarding process,,,,,,,,,
settings,restartDialog.fullOnboardingTitle,settings:restartDialog.fullOnboardingTitle,Full Onboarding,,,,,,,,,
settings,restartDialog.fullOnboardingDescription,settings:restartDialog.fullOnboardingDescription,"Start completely fresh. This will delete all your entered data (work days, van hires, settings) and begin from scratch.",,,,,,,,,
settings,restartDialog.tourOnlyTitle,settings:restartDialog.tourOnlyTitle,Tour Only,,,,,,,,,
settings,restartDialog.tourOnlyDescription,settings:restartDialog.tourOnlyDescription,Keep your data and just view the interactive dashboard tour. Your real data won't be affected.,,,,,,,,,
settings,restartDialog.warningLabel,settings:restartDialog.warningLabel,Full Onboarding Warning:,,,,,,,,,
settings,restartDialog.warningText,settings:restartDialog.warningText,"This action cannot be undone. All work days, van hires, and settings will be permanently deleted.",,,,,,,,,
settings,restartDialog.cancelButton,settings:restartDialog.cancelButton,Cancel,,,,,,,,,
settings,deleteAccount.warningTitle,settings:deleteAccount.warningTitle,Delete Account - Final Warning,,,,,,,,,
settings,deleteAccount.warningDescription,settings:deleteAccount.warningDescription,Warning about permanent account deletion,,,,,,,,,
settings,deleteAccount.permanentHeading,settings:deleteAccount.permanentHeading,This action is PERMANENT and IRREVERSIBLE,,,,,,,,,
settings,deleteAccount.permanentText,settings:deleteAccount.permanentText,"Once you delete your account, there is no way to recover your data. This is not a temporary deactivation.",,,,,,,,,
settings,deleteAccount.dataDeletedHeading,settings:deleteAccount.dataDeletedHeading,The following data will be permanently deleted:,,,,,,,,,
settings,deleteAccount.dataList.profile,settings:deleteAccount.dataList.profile,Your user profile and account settings,,,,,,,,,
settings,deleteAccount.dataList.workDays,settings:deleteAccount.dataList.workDays,All work days and weekly pay data (every week you've tracked),,,,,,,,,
settings,deleteAccount.dataList.vanHires,settings:deleteAccount.dataList.vanHires,All van hire records and deposit information,,,,,,,,,
settings,deleteAccount.dataList.rankings,settings:deleteAccount.dataList.rankings,Performance rankings history,,,,,,,,,
settings,deleteAccount.dataList.mileage,settings:deleteAccount.dataList.mileage,Mileage tracking and pay rate history,,,,,,,,,
settings,deleteAccount.dataList.auth,settings:deleteAccount.dataList.auth,Your authentication credentials (you will be logged out),,,,,,,,,
settings,deleteAccount.alternativesHeading,settings:deleteAccount.alternativesHeading,Consider these alternatives:,,,,,,,,,
settings,deleteAccount.alternatives.stopUsing,settings:deleteAccount.alternatives.stopUsing,You can simply stop using the app without deleting your account,,,,,,,,,
settings,deleteAccount.alternatives.clearWeeks,settings:deleteAccount.alternatives.clearWeeks,You can clear individual weeks if you want to start fresh,,,,,,,,,
settings,deleteAccount.alternatives.resetRates,settings:deleteAccount.alternatives.resetRates,You can reset your pay rates in Settings if they've changed,,,,,,,,,
settings,deleteAccount.cancelButton,settings:deleteAccount.cancelButton,Cancel (Keep My Account),,,,,,,,,
settings,deleteAccount.proceedButton,settings:deleteAccount.proceedButton,I Understand - Proceed to Delete,,,,,,,,,
settings,deleteAccount.confirmTitle,settings:deleteAccount.confirmTitle,Confirm Account Deletion,,,,,,,,,
settings,deleteAccount.confirmDescription,settings:deleteAccount.confirmDescription,Final confirmation step for account deletion,,,,,,,,,
settings,deleteAccount.lastChance,settings:deleteAccount.lastChance,Last chance: Enter your credentials to permanently delete your account,,,,,,,,,
settings,deleteAccount.emailLabel,settings:deleteAccount.emailLabel,Your Email Address,,,,,,,,,
settings,deleteAccount.emailMatch,settings:deleteAccount.emailMatch,Must match: {{email}},,,,,,,,,
settings,deleteAccount.passwordLabel,settings:deleteAccount.passwordLabel,Your Password,,,,,,,,,
settings,deleteAccount.passwordPlaceholder,settings:deleteAccount.passwordPlaceholder,Enter your password to confirm,,,,,,,,,
settings,deleteAccount.passwordHelp,settings:deleteAccount.passwordHelp,We need to verify your identity before deletion,,,,,,,,,
settings,deleteAccount.confirmTextLabel,settings:deleteAccount.confirmTextLabel,"Type ""DELETE MY ACCOUNT"" to confirm",,,,,,,,,
settings,deleteAccount.confirmTextPlaceholder,settings:deleteAccount.confirmTextPlaceholder,DELETE MY ACCOUNT,,,,,,,,,
settings,deleteAccount.confirmTextHelp,settings:deleteAccount.confirmTextHelp,Type exactly as shown (case sensitive),,,,,,,,,
settings,deleteAccount.finalWarning,settings:deleteAccount.finalWarning,"After clicking ""Delete My Account Forever"", your data will be immediately and permanently deleted. You will be logged out and cannot undo this action.",,,,,,,,,
settings,deleteAccount.goBackButton,settings:deleteAccount.goBackButton,Go Back,,,,,,,,,
settings,deleteAccount.deletingButton,settings:deleteAccount.deletingButton,Deleting Account...,,,,,,,,,
settings,deleteAccount.deleteButton,settings:deleteAccount.deleteButton,Delete My Account Forever,,,,,,,,,
toast,auth.welcomeBack,toast:auth.welcomeBack,Welcome back!,,,,,,,,,
toast,auth.accountCreated,toast:auth.accountCreated,Account created successfully!,,,,,,,,,
toast,auth.passwordResetSent,toast:auth.passwordResetSent,Password reset email sent! Check your inbox and spam folder.,,,,,,,,,
toast,auth.passwordReset,toast:auth.passwordReset,Password reset successfully!,,,,,,,,,
toast,auth.loginFailed,toast:auth.loginFailed,Failed to login,,,,,,,,,
toast,auth.signupFailed,toast:auth.signupFailed,Failed to create account,,,,,,,,,
toast,auth.logoutFailed,toast:auth.logoutFailed,Failed to logout,,,,,,,,,
toast,auth.authFailed,toast:auth.authFailed,Authentication failed,,,,,,,,,
toast,auth.emailExists,toast:auth.emailExists,An account with this email already exists. Please login instead.,,,,,,,,,
toast,auth.resetEmailFailed,toast:auth.resetEmailFailed,Failed to send reset email,,,,,,,,,
toast,settings.saved,toast:settings.saved,Settings saved successfully!,,,,,,,,,
toast,settings.saveFailed,toast:settings.saveFailed,Failed to save settings,,,,,,,,,
toast,settings.languageUpdated,toast:settings.languageUpdated,Language updated successfully!,,,,,,,,,
toast,settings.languageUpdateFailed,toast:settings.languageUpdateFailed,Failed to update language,,,,,,,,,
toast,user.saved,toast:user.saved,User details saved successfully!,,,,,,,,,
toast,user.saveFailed,toast:user.saveFailed,Failed to save user details,,,,,,,,,
toast,user.loadFailed,toast:user.loadFailed,Failed to load user details,,,,,,,,,
toast,workDay.added,toast:workDay.added,Work added for today!,,,,,,,,,
toast,workDay.updated,toast:workDay.updated,Work updated!,,,,,,,,,
toast,workDay.deleted,toast:workDay.deleted,Work day deleted,,,,,,,,,
toast,workDay.addFailed,toast:workDay.addFailed,Failed to add work,,,,,,,,,
toast,workDay.updateFailed,toast:workDay.updateFailed,Failed to update work,,,,,,,,,
toast,workDay.deleteFailed,toast:workDay.deleteFailed,Failed to delete work day,,,,,,,,,
toast,workDay.createWeekFailed,toast:workDay.createWeekFailed,Failed to create week,,,,,,,,,
toast,workDay.alreadyExists,toast:workDay.alreadyExists,Work already exists for today,,,,,,,,,
toast,rankings.saved,toast:rankings.saved,Rankings saved successfully!,,,,,,,,,
toast,rankings.saveFailed,toast:rankings.saveFailed,Failed to save rankings,,,,,,,,,
toast,rankings.unableToSave,toast:rankings.unableToSave,Unable to save rankings,,,,,,,,,
toast,week.mileageRateUpdated,toast:week.mileageRateUpdated,Mileage rate updated!,,,,,,,,,
toast,week.mileageRateUpdateFailed,toast:week.mileageRateUpdateFailed,Failed to update mileage rate,,,,,,,,,
toast,week.cleared,toast:week.cleared,Week cleared successfully,,,,,,,,,
toast,week.clearFailed,toast:week.clearFailed,Failed to clear week,,,,,,,,,
toast,van.added,toast:van.added,Van hire added successfully,,,,,,,,,
toast,van.updated,toast:van.updated,Van hire updated successfully,,,,,,,,,
toast,van.offHired,toast:van.offHired,Van off-hired successfully,,,,,,,,,
toast,van.deleted,toast:van.deleted,Van hire deleted successfully,,,,,,,,,
toast,van.depositRefunded,toast:van.depositRefunded,Deposit refunded successfully,,,,,,,,,
toast,van.manualDepositSet,toast:van.manualDepositSet,Manual deposit set successfully,,,,,,,,,
toast,van.manualDepositCleared,toast:van.manualDepositCleared,Manual deposit cleared successfully,,,,,,,,,
toast,van.addFailed,toast:van.addFailed,Failed to add van hire,,,,,,,,,
toast,van.updateFailed,toast:van.updateFailed,Failed to update van hire,,,,,,,,,
toast,van.deleteFailed,toast:van.deleteFailed,Failed to delete van hire,,,,,,,,,
toast,van.offHireFailed,toast:van.offHireFailed,Failed to off-hire van,,,,,,,,,
toast,van.refundFailed,toast:van.refundFailed,Failed to refund deposit,,,,,,,,,
toast,van.loadFailed,toast:van.loadFailed,Failed to load van hires,,,,,,,,,
toast,van.depositAdjustFailed,toast:van.depositAdjustFailed,Failed to set deposit adjustment,,,,,,,,,
toast,van.depositClearFailed,toast:van.depositClearFailed,Failed to clear deposit adjustment,,,,,,,,,
toast,van.enterDeposit,toast:van.enterDeposit,Please enter a deposit amount,,,,,,,,,
toast,van.depositRange,toast:van.depositRange,Deposit must be between £0 and £500,,,,,,,,,
toast,van.enterOffHireDate,toast:van.enterOffHireDate,Please enter an off-hire date,,,,,,,,,
toast,van.refundExceedsDeposit,toast:van.refundExceedsDeposit,Refund amount cannot exceed deposit paid,,,,,,,,,
toast,onboarding.welcome,toast:onboarding.welcome,Welcome to Wager! Start tracking your pay.,,,,,,,,,
toast,onboarding.resetFailed,toast:onboarding.resetFailed,Failed to reset onboarding,,,,,,,,,
toast,onboarding.restartFailed,toast:onboarding.restartFailed,Failed to restart onboarding,,,,,,,,,
toast,deleteAccount.enterCredentials,toast:deleteAccount.enterCredentials,Please enter your email and password,,,,,,,,,
toast,deleteAccount.emailMismatch,toast:deleteAccount.emailMismatch,Email does not match your account email,,,,,,,,,
toast,deleteAccount.confirmTextMismatch,toast:deleteAccount.confirmTextMismatch,"Please type ""DELETE MY ACCOUNT"" exactly to confirm",,,,,,,,,
toast,deleteAccount.incorrectPassword,toast:deleteAccount.incorrectPassword,Incorrect password. Please try again.,,,,,,,,,
toast,deleteAccount.deleteFailed,toast:deleteAccount.deleteFailed,Failed to delete account. Please contact support.,,,,,,,,,
toast,deleteAccount.deleted,toast:deleteAccount.deleted,Your account has been permanently deleted,,,,,,,,,
toast,deleteAccount.unexpectedError,toast:deleteAccount.unexpectedError,An unexpected error occurred. Please try again.,,,,,,,,,
toast,general.error,toast:general.error,An error occurred,,,,,,,,,
toast,general.deleteAllFailed,toast:general.deleteAllFailed,Failed to delete data,,,,,,,,,
toast,general.creatingWeek,toast:general.creatingWeek,Creating week record...,,,,,,,,,
validation,required,validation:required,This field is required,,,,,,,,,
validation,email.invalid,validation:email.invalid,Invalid email address,,,,,,,,,
validation,email.required,validation:email.required,Email is required,,,,,,,,,
validation,password.minLength,validation:password.minLength,Password must be at least {{min}} characters,,,,,,,,,
validation,password.required,validation:password.required,Password is required,,,,,,,,,
validation,password.mismatch,validation:password.mismatch,Passwords do not match,,,,,,,,,
validation,displayName.required,validation:displayName.required,Display name is required,,,,,,,,,
validation,displayName.maxLength,validation:displayName.maxLength,Display name must be less than {{max}} characters,,,,,,,,,
validation,firstName.maxLength,validation:firstName.maxLength,First name must be less than {{max}} characters,,,,,,,,,
validation,lastName.maxLength,validation:lastName.maxLength,Last name must be less than {{max}} characters,,,,,,,,,
validation,rate.required,validation:rate.required,Rate is required,,,,,,,,,
validation,rate.positive,validation:rate.positive,Rate must be positive,,,,,,,,,
validation,rate.tooHigh,validation:rate.tooHigh,Rate too high,,,,,,,,,
validation,rate.wholeNumber,validation:rate.wholeNumber,Rate must be a whole number,,,,,,,,,
validation,sweeps.max,validation:sweeps.max,Maximum {{max}} sweeps per day,,,,,,,,,
validation,sweeps.negative,validation:sweeps.negative,Sweeps cannot be negative,,,,,,,,,
validation,mileage.negative,validation:mileage.negative,Mileage cannot be negative,,,,,,,,,
validation,mileage.required,validation:mileage.required,Mileage rate is required,,,,,,,,,
validation,mileage.max,validation:mileage.max,Mileage rate cannot exceed £{{max}} per mile,,,,,,,,,
validation,finance.normalRateRequired,validation:finance.normalRateRequired,Normal rate is required,,,,,,,,,
validation,finance.drsRateRequired,validation:finance.drsRateRequired,DRS rate is required,,,,,,,,,
validation,finance.rateWhole,validation:finance.rateWhole,Rate must be a whole number,,,,,,,,,
validation,finance.ratePositive,validation:finance.ratePositive,Rate must be positive,,,,,,,,,
validation,finance.rateTooHigh,validation:finance.rateTooHigh,Rate too high,,,,,,,,,
validation,workDay.maxDays,validation:workDay.maxDays,Cannot work more than 6 days per week (legal limit),,,,,,,,,
validation,workDay.routeRequired,validation:workDay.routeRequired,Route number required,,,,,,,,,
validation,workDay.dailyRateRequired,validation:workDay.dailyRateRequired,Daily rate is required for manual route entries,,,,,,,,,
validation,van.registrationRequired,validation:van.registrationRequired,Registration is required,,,,,,,,,
validation,van.registrationTooLong,validation:van.registrationTooLong,Registration too long,,,,,,,,,
validation,van.weeklyRateRequired,validation:van.weeklyRateRequired,Weekly rate is required,,,,,,,,,
validation,van.rateWholeNumber,validation:van.rateWholeNumber,Rate must be a whole number,,,,,,,,,
validation,van.ratePositive,validation:van.ratePositive,Rate must be positive,,,,,,,,,
validation,van.rateTooHigh,validation:van.rateTooHigh,Rate too high,,,,,,,,,
validation,van.onHireDateRequired,validation:van.onHireDateRequired,On-hire date is required,,,,,,,,,
validation,van.offHireDateInvalid,validation:van.offHireDateInvalid,Off-hire date must be on or after on-hire date,,,,,,,,,
validation,van.notesTooLong,validation:van.notesTooLong,Notes too long,,,,,,,,,
validation,string.minLength,validation:string.minLength,Must be at least {{min}} characters,,,,,,,,,
validation,string.maxLength,validation:string.maxLength,Must be less than {{max}} characters,,,,,,,,,
validation,number.min,validation:number.min,Must be at least {{min}},,,,,,,,,
validation,number.max,validation:number.max,Must be less than {{max}},,,,,,,,,
van,card.active,van:card.active,Active,,,,,,,,,
van,card.ongoing,van:card.ongoing,Ongoing,,,,,,,,,
van,card.weeklyRate,van:card.weeklyRate,Weekly Rate,,,,,,,,,
van,card.duration,van:card.duration,Duration,,,,,,,,,
van,card.status,van:card.status,Status,,,,,,,,,
van,card.refunded,van:card.refunded,Refunded,,,,,,,,,
van,card.holdUntil,van:card.holdUntil,Hold until {{date}},,,,,,,,,
van,card.statusActive,van:card.statusActive,Active,,,,,,,,,
van,card.completed,van:card.completed,Completed,,,,,,,,,
van,modal.titleEdit,van:modal.titleEdit,Edit Van Hire,,,,,,,,,
van,modal.titleNew,van:modal.titleNew,New Van Hire,,,,,,,,,
van,modal.registrationLabel,van:modal.registrationLabel,Registration Number *,,,,,,,,,
van,modal.registrationPlaceholder,van:modal.registrationPlaceholder,"e.g., AB12 CDE",,,,,,,,,
van,modal.vanTypeLabel,van:modal.vanTypeLabel,Van Type,,,,,,,,,
van,modal.vanTypePlaceholder,van:modal.vanTypePlaceholder,Select type,,,,,,,,,
van,modal.vanTypeFleet,van:modal.vanTypeFleet,Fleet (£250/week),,,,,,,,,
van,modal.vanTypeFlexi,van:modal.vanTypeFlexi,Flexi (£100-£250/week),,,,,,,,,
van,modal.weeklyRateLabel,van:modal.weeklyRateLabel,Weekly Rate (£) *,,,,,,,,,
van,modal.onHireDateLabel,van:modal.onHireDateLabel,On-Hire Date *,,,,,,,,,
van,modal.offHireDateLabel,van:modal.offHireDateLabel,Off-Hire Date,,,,,,,,,
van,modal.offHireDateHelp,van:modal.offHireDateHelp,Leave empty if currently on-hire,,,,,,,,,
van,modal.depositStatusTitle,van:modal.depositStatusTitle,Deposit Status,,,,,,,,,
van,modal.depositCurrent,van:modal.depositCurrent,Current Deposit:,,,,,,,,,
van,modal.depositAutoNote,van:modal.depositAutoNote,Deposits are automatically calculated by the system based on weeks with any van,,,,,,,,,
van,modal.notesLabel,van:modal.notesLabel,Notes,,,,,,,,,
van,modal.notesPlaceholder,van:modal.notesPlaceholder,Additional notes about this van hire...,,,,,,,,,
van,modal.offHireButton,van:modal.offHireButton,Off-Hire Van,,,,,,,,,
van,modal.deleteButton,van:modal.deleteButton,Delete,,,,,,,,,
van,modal.refundDepositButton,van:modal.refundDepositButton,Refund Deposit,,,,,,,,,
van,modal.cancelButton,van:modal.cancelButton,Cancel,,,,,,,,,
van,modal.updateButton,van:modal.updateButton,Update,,,,,,,,,
van,modal.createButton,van:modal.createButton,Create,,,,,,,,,
van,offHireDialog.title,van:offHireDialog.title,Off-Hire Van,,,,,,,,,
van,offHireDialog.description,van:offHireDialog.description,Enter the date when the van was returned. The deposit will be held for 6 weeks.,,,,,,,,,
van,offHireDialog.infoTitle,van:offHireDialog.infoTitle,Important: Same-Day Van Swaps,,,,,,,,,
van,offHireDialog.infoDescription,van:offHireDialog.infoDescription,"The off-hire date is the last day you had the van. If you're picking up a new van the same morning you're returning this one, off-hire this van on the previous day to avoid counting the same day twice.",,,,,,,,,
van,offHireDialog.dateLabel,van:offHireDialog.dateLabel,Off-Hire Date *,,,,,,,,,
van,offHireDialog.cancelButton,van:offHireDialog.cancelButton,Cancel,,,,,,,,,
van,offHireDialog.confirmButton,van:offHireDialog.confirmButton,Confirm Off-Hire,,,,,,,,,
van,refundDialog.title,van:refundDialog.title,Refund Deposit,,,,,,,,,
van,refundDialog.description,van:refundDialog.description,Enter the refund amount (after deducting any damage costs).,,,,,,,,,
van,refundDialog.amountLabel,van:refundDialog.amountLabel,Refund Amount (£) *,,,,,,,,,
van,refundDialog.maxLabel,van:refundDialog.maxLabel,Max: £{{amount}},,,,,,,,,
van,refundDialog.cancelButton,van:refundDialog.cancelButton,Cancel,,,,,,,,,
van,refundDialog.confirmButton,van:refundDialog.confirmButton,Confirm Refund,,,,,,,,,
van,deleteDialog.title,van:deleteDialog.title,Delete Van Hire?,,,,,,,,,
van,deleteDialog.description,van:deleteDialog.description,Are you sure you want to delete this van hire?,,,,,,,,,
van,deleteDialog.registration,van:deleteDialog.registration,{{registration}},,,,,,,,,
van,deleteDialog.warning,van:deleteDialog.warning,This action cannot be undone.,,,,,,,,,
van,deleteDialog.confirmButton,van:deleteDialog.confirmButton,Delete,,,,,,,,,
van,deleteDialog.cancelButton,van:deleteDialog.cancelButton,Cancel,,,,,,,,,
vanManagement,loading,vanManagement:loading,Loading van hires...,,,,,,,,,
vanManagement,pageTitle,vanManagement:pageTitle,Van Management,,,,,,,,,
vanManagement,actions.newVanHire,vanManagement:actions.newVanHire,New Van Hire,,,,,,,,,
vanManagement,actions.setDeposit,vanManagement:actions.setDeposit,Set Deposit,,,,,,,,,
vanManagement,actions.clearDeposits,vanManagement:actions.clearDeposits,Clear Deposits,,,,,,,,,
vanManagement,actions.addVanHire,vanManagement:actions.addVanHire,Add Van Hire,,,,,,,,,
vanManagement,depositSummary.title,vanManagement:depositSummary.title,Deposit Summary,,,,,,,,,
vanManagement,depositSummary.subtitle,vanManagement:depositSummary.subtitle,Cumulative deposit across all van hires,,,,,,,,,
vanManagement,depositSummary.totalPaid,vanManagement:depositSummary.totalPaid,Total Paid,,,,,,,,,
vanManagement,depositSummary.remaining,vanManagement:depositSummary.remaining,Remaining,,,,,,,,,
vanManagement,depositSummary.target,vanManagement:depositSummary.target,Target,,,,,,,,,
vanManagement,depositSummary.complete,vanManagement:depositSummary.complete,Complete,,,,,,,,,
vanManagement,depositSummary.inProgress,vanManagement:depositSummary.inProgress,In Progress,,,,,,,,,
vanManagement,activeVanAlert.title,vanManagement:activeVanAlert.title,You have an active van hire,,,,,,,,,
vanManagement,activeVanAlert.subtitle,vanManagement:activeVanAlert.subtitle,Off-hire your current van ({{registration}}) before adding a new one,,,,,,,,,
vanManagement,history.title,vanManagement:history.title,Van Hire History,,,,,,,,,
vanManagement,history.empty.title,vanManagement:history.empty.title,No van hires yet,,,,,,,,,
vanManagement,history.empty.subtitle,vanManagement:history.empty.subtitle,Add your first van hire to start tracking costs and deposits,,,,,,,,,
vanManagement,depositModal.title,vanManagement:depositModal.title,Set Manual Deposit,,,,,,,,,
vanManagement,depositModal.infoTitle,vanManagement:depositModal.infoTitle,💡 Deposits Already Paid,,,,,,,,,
vanManagement,depositModal.infoText,vanManagement:depositModal.infoText,Enter the total you've paid so far. We'll track new deposits from TODAY onwards—past weeks won't be counted.,,,,,,,,,
vanManagement,depositModal.depositLimit,vanManagement:depositModal.depositLimit,Deposit limit: £500,,,,,,,,,
vanManagement,depositModal.label,vanManagement:depositModal.label,Total Deposit Paid (£) *,,,,,,,,,
vanManagement,depositModal.placeholder,vanManagement:depositModal.placeholder,"e.g., 250.00",,,,,,,,,
vanManagement,depositModal.maximum,vanManagement:depositModal.maximum,Maximum: £500.00,,,,,,,,,
vanManagement,depositModal.buttonSetting,vanManagement:depositModal.buttonSetting,Setting...,,,,,,,,,
vanManagement,depositModal.buttonSet,vanManagement:depositModal.buttonSet,Set Deposit,,,,,,,,,
week-summary,title,week-summary:title,Week {{week}} Summary,,,,,,,,,
week-summary,noWorkDays,week-summary:noWorkDays,No work days logged for this week,,,,,,,,,
week-summary,totalEarnings,week-summary:totalEarnings,Total Earnings,,,,,,,,,
week-summary,payBreakdown.basePay,week-summary:payBreakdown.basePay,Base Pay ({{count}} {{days}}),,,,,,,,,
week-summary,payBreakdown.day,week-summary:payBreakdown.day,day,,,,,,,,,
week-summary,payBreakdown.days,week-summary:payBreakdown.days,days,,,,,,,,,
week-summary,payBreakdown.devicePayment,week-summary:payBreakdown.devicePayment,Device Payment ({{count}} {{days}}),,,,,,,,,
week-summary,payBreakdown.sixDayBonus,week-summary:payBreakdown.sixDayBonus,6-Day Bonus,,,,,,,,,
week-summary,payBreakdown.sweeps,week-summary:payBreakdown.sweeps,Sweeps,,,,,,,,,
week-summary,payBreakdown.sweepsDetail,week-summary:payBreakdown.sweepsDetail,"({{given}} you helped, {{taken}} helped you)",,,,,,,,,
week-summary,payBreakdown.mileage,week-summary:payBreakdown.mileage,Mileage ({{miles}} mi × £{{rate}}),,,,,,,,,
week-summary,payBreakdown.mileageRateLabel,week-summary:payBreakdown.mileageRateLabel,Rate:,,,,,,,,,
week-summary,payBreakdown.mileagePerMile,week-summary:payBreakdown.mileagePerMile,/mi,,,,,,,,,
week-summary,payBreakdown.mileageEstBadge,week-summary:payBreakdown.mileageEstBadge,Est,,,,,,,,,
week-summary,payBreakdown.mileageEstDisclaimer,week-summary:payBreakdown.mileageEstDisclaimer,Mileage Estimate:,,,,,,,,,
week-summary,payBreakdown.mileageEstDescription,week-summary:payBreakdown.mileageEstDescription,Payment calculated using odometer miles ({{count}} {{days}}). Actual payment may differ based on Amazon's mileage calculations and rates. Update with Amazon mileage data for accuracy.,,,,,,,,,
week-summary,payBreakdown.missingMileageTitle,week-summary:payBreakdown.missingMileageTitle,Missing Mileage Data:,,,,,,,,,
week-summary,payBreakdown.missingMileageDescription,week-summary:payBreakdown.missingMileageDescription,No mileage entered for {{count}} {{dayLabel}}. Payment total will be inaccurate until mileage is added.,,,,,,,,,
week-summary,payBreakdown.vanHire,week-summary:payBreakdown.vanHire,Van Hire,,,,,,,,,
week-summary,payBreakdown.vanDetail,week-summary:payBreakdown.vanDetail,{{registration}} ({{count}} {{days}}),,,,,,,,,
week-summary,payBreakdown.depositPayment,week-summary:payBreakdown.depositPayment,Deposit Payment,,,,,,,,,
week-summary,payBreakdown.invoicing,week-summary:payBreakdown.invoicing,Invoicing ({{service}}),,,,,,,,,
week-summary,standardPay.title,week-summary:standardPay.title,Standard Pay,,,,,,,,,
week-summary,standardPay.paidWeek,week-summary:standardPay.paidWeek,Paid Week {{week}} ({{month}}),,,,,,,,,
week-summary,rankings.title,week-summary:rankings.title,Performance Rankings,,,,,,,,,
week-summary,rankings.notAvailableYet,week-summary:rankings.notAvailableYet,Rankings will be available from,,,,,,,,,
week-summary,rankings.weekOnwards,week-summary:rankings.weekOnwards,Week {{week}},,,,,,,,,
week-summary,rankings.onwards,week-summary:rankings.onwards,onwards.,,,,,,,,,
week-summary,rankings.releaseNote,week-summary:rankings.releaseNote,Amazon typically releases performance rankings on Thursday of Week N+2 (two weeks after your work week).,,,,,,,,,
week-summary,rankings.updatePrompt,week-summary:rankings.updatePrompt,Update your performance rankings,,,,,,,,,
week-summary,rankings.enterPrompt,week-summary:rankings.enterPrompt,Enter rankings when they're released (usually Thursday after the work week),,,,,,,,,
week-summary,rankings.yourPerformance,week-summary:rankings.yourPerformance,Your Performance,,,,,,,,,
week-summary,rankings.companyPerformance,week-summary:rankings.companyPerformance,Company Performance,,,,,,,,,
week-summary,rankings.saveButton,week-summary:rankings.saveButton,Save Rankings,,,,,,,,,
week-summary,rankings.savingButton,week-summary:rankings.savingButton,Saving...,,,,,,,,,
week-summary,rankings.cancelButton,week-summary:rankings.cancelButton,Cancel,,,,,,,,,
week-summary,rankings.performanceBonus,week-summary:rankings.performanceBonus,Performance Bonus ({{count}} {{days}}),,,,,,,,,
week-summary,rankings.individualLabel,week-summary:rankings.individualLabel,Individual:,,,,,,,,,
week-summary,rankings.companyLabel,week-summary:rankings.companyLabel,Company:,,,,,,,,,
week-summary,rankings.paidWeek,week-summary:rankings.paidWeek,Paid Week {{week}} ({{month}}),,,,,,,,,
week-summary,mileageDiscrepancy.title,week-summary:mileageDiscrepancy.title,Mileage Discrepancy,,,,,,,,,
week-summary,mileageDiscrepancy.detail,week-summary:mileageDiscrepancy.detail,Van logged {{vanMiles}} miles vs Amazon paid {{amazonMiles}} miles,,,,,,,,,
week-summary,mileageDiscrepancy.fuelLoss,week-summary:mileageDiscrepancy.fuelLoss,Estimated fuel loss: £{{amount}},,,,,,,,,
week-summary,clearWeek.button,week-summary:clearWeek.button,Clear Week,,,,,,,,,
week-summary,clearWeek.confirmTitle,week-summary:clearWeek.confirmTitle,Clear Week {{week}}?,,,,,,,,,
week-summary,clearWeek.confirmDescription,week-summary:clearWeek.confirmDescription,"This will permanently delete all work days, rankings, and snapshot data for Week {{week}}. This action cannot be undone.",,,,,,,,,
week-summary,clearWeek.confirmButton,week-summary:clearWeek.confirmButton,Clear Week,,,,,,,,,
week-summary,clearWeek.cancelButton,week-summary:clearWeek.cancelButton,Cancel,,,,,,,,,